{"2 ROOM":{"ANG MO KIO":null,"BEDOK":0.9039036424,"BISHAN":null,"BUKIT BATOK":null,"BUKIT MERAH":1.0845148779,"BUKIT PANJANG":null,"BUKIT TIMAH":null,"CENTRAL AREA":1.2284175786,"CHOA CHU KANG":null,"CLEMENTI":null,"GEYLANG":null,"HOUGANG":null,"JURONG EAST":null,"JURONG WEST":null,"KALLANG\/WHAMPOA":1.0771572782,"MARINE PARADE":null,"PASIR RIS":null,"PUNGGOL":null,"QUEENSTOWN":1.1211283345,"SEMBAWANG":null,"SENGKANG":null,"SERANGOON":null,"TAMPINES":null,"TOA PAYOH":0.9671020691,"WOODLANDS":null,"YISHUN":null},"3 ROOM":{"ANG MO KIO":1.0391772587,"BEDOK":1.0382227511,"BISHAN":1.2054016884,"BUKIT BATOK":0.9616269561,"BUKIT MERAH":1.0443507707,"BUKIT PANJANG":null,"BUKIT TIMAH":0.9769748199,"CENTRAL AREA":1.0328622924,"CHOA CHU KANG":1.1553307007,"CLEMENTI":1.0893484116,"GEYLANG":1.0911277411,"HOUGANG":1.0500665491,"JURONG EAST":1.0600437399,"JURONG WEST":1.0663515462,"KALLANG\/WHAMPOA":1.0629224612,"MARINE PARADE":1.1682137878,"PASIR RIS":null,"PUNGGOL":null,"QUEENSTOWN":1.0736960526,"SEMBAWANG":null,"SENGKANG":null,"SERANGOON":1.0019641283,"TAMPINES":0.8827968876,"TOA PAYOH":1.0736307371,"WOODLANDS":0.9734936084,"YISHUN":1.0445306681},"4 ROOM":{"ANG MO KIO":1.0769428776,"BEDOK":1.0438155338,"BISHAN":1.1080485916,"BUKIT BATOK":1.057919088,"BUKIT MERAH":1.0874682674,"BUKIT PANJANG":1.054049286,"BUKIT TIMAH":1.2178126137,"CENTRAL AREA":1.044681538,"CHOA CHU KANG":1.0293637622,"CLEMENTI":1.0708112499,"GEYLANG":1.097789862,"HOUGANG":1.0622454504,"JURONG EAST":1.0777077285,"JURONG WEST":1.0720128478,"KALLANG\/WHAMPOA":1.0895647437,"MARINE PARADE":1.0113840291,"PASIR RIS":1.0566435977,"PUNGGOL":1.0317406635,"QUEENSTOWN":1.0836140325,"SEMBAWANG":1.0459676355,"SENGKANG":1.0618256412,"SERANGOON":1.0281379629,"TAMPINES":1.0709940005,"TOA PAYOH":1.110146969,"WOODLANDS":1.0262626863,"YISHUN":1.1201403034},"5 ROOM":{"ANG MO KIO":1.1077529603,"BEDOK":1.0758885967,"BISHAN":1.0887382523,"BUKIT BATOK":1.0670728217,"BUKIT MERAH":1.0800330713,"BUKIT PANJANG":1.0305716086,"BUKIT TIMAH":1.1965251816,"CENTRAL AREA":null,"CHOA CHU KANG":1.0280719489,"CLEMENTI":1.0742716489,"GEYLANG":1.0552280557,"HOUGANG":1.0794486805,"JURONG EAST":1.068165877,"JURONG WEST":1.0162583358,"KALLANG\/WHAMPOA":1.0537087572,"MARINE PARADE":1.1316630569,"PASIR RIS":1.0653732154,"PUNGGOL":1.0618910914,"QUEENSTOWN":1.110249991,"SEMBAWANG":0.9968167316,"SENGKANG":1.031369436,"SERANGOON":1.0971039101,"TAMPINES":1.0527043343,"TOA PAYOH":1.1130481216,"WOODLANDS":1.0506650429,"YISHUN":1.0545492732},"EXECUTIVE":{"ANG MO KIO":null,"BEDOK":1.108070655,"BISHAN":null,"BUKIT BATOK":1.0297029926,"BUKIT MERAH":null,"BUKIT PANJANG":1.0300754241,"BUKIT TIMAH":null,"CENTRAL AREA":null,"CHOA CHU KANG":1.0496507015,"CLEMENTI":0.9266030091,"GEYLANG":1.0953564766,"HOUGANG":1.0742103185,"JURONG EAST":1.0694204458,"JURONG WEST":1.0652331539,"KALLANG\/WHAMPOA":null,"MARINE PARADE":null,"PASIR RIS":1.0813961479,"PUNGGOL":0.9677287224,"QUEENSTOWN":1.0493576694,"SEMBAWANG":1.0316901041,"SENGKANG":1.0219286984,"SERANGOON":1.0897840291,"TAMPINES":1.0563657903,"TOA PAYOH":1.1203913487,"WOODLANDS":null,"YISHUN":null},"ALL":{"ANG MO KIO":1.0718341945,"BEDOK":1.0549781735,"BISHAN":1.102564062,"BUKIT BATOK":1.0507824472,"BUKIT MERAH":1.0735211204,"BUKIT PANJANG":1.0411711668,"BUKIT TIMAH":1.1469594492,"CENTRAL AREA":1.0465034986,"CHOA CHU KANG":1.0317299265,"CLEMENTI":1.0687161211,"GEYLANG":1.081365939,"HOUGANG":1.068667499,"JURONG EAST":1.069129798,"JURONG WEST":1.0442854631,"KALLANG\/WHAMPOA":1.0693405409,"MARINE PARADE":1.1056520732,"PASIR RIS":1.0682647396,"PUNGGOL":1.0528050194,"QUEENSTOWN":1.0859250534,"SEMBAWANG":1.0245097261,"SENGKANG":1.039466813,"SERANGOON":1.0545129397,"TAMPINES":1.0596065863,"TOA PAYOH":1.1004400689,"WOODLANDS":1.026540511,"YISHUN":1.0787819643}}